game,moves,cp_loss,punish_rate,smoothness,opponent,date,description,rank
https://www.chess.com/game/live/16061767053,9,0.04625,0.8888888888888888,19.219219219219216,camillopalermo,2021.05.29,,1
https://www.chess.com/game/live/17623279815,9,0.05,0.8,16.0,steviegarrett,2021.06.16,,2
https://www.chess.com/game/live/10786702801,4,0.07,0.75,10.714285714285714,Aayush_30,2021.03.29,,3
https://www.chess.com/game/live/7768966113,6,0.08,0.8333333333333334,10.416666666666668,MuradKhan3889,2021.02.22,,4
https://www.chess.com/game/live/35759268929,11,0.09,0.8181818181818182,9.090909090909092,AlexYakov533,2022.01.12,,5
https://www.chess.com/game/live/16058056599,13,0.09615384615384616,0.8571428571428571,8.914285714285715,Yerlan1979,2021.05.29,,6
https://www.chess.com/game/live/37056123367,24,0.09,0.625,6.9444444444444455,summerofchess,2022.01.27,,7
https://www.chess.com/game/live/16062878787,9,0.13,0.8888888888888888,6.8376068376068355,FantomBS,2021.05.29,,8
https://www.chess.com/game/live/16836994913,12,0.11181818181818183,0.75,6.7073170731707314,MoonFarmer,2021.06.07,,9
https://www.chess.com/game/live/37245031137,18,0.13470588235294118,0.8888888888888888,6.598738476467734,bhushankul,2022.01.30,,10
https://www.chess.com/game/live/7850113229,6,0.128,0.8333333333333334,6.510416666666668,Capzlockalla,2021.02.23,,11
https://www.chess.com/game/live/35855980429,21,0.14523809523809525,0.8181818181818182,5.633383010432191,palich_1955,2022.01.13,,12
https://www.chess.com/game/live/35757431095,10,0.12444444444444445,0.7,5.625,homerobazanini,2022.01.12,,13
https://www.chess.com/game/live/35243769603,23,0.1481818181818182,0.7826086956521741,5.2814083755668175,Bizon1960,2022.01.06,,14
https://www.chess.com/game/live/15873240799,26,0.14961538461538462,0.7777777777777778,5.198514710082833,riyazali123,2021.05.27,,15
https://www.chess.com/game/live/35422576345,19,0.16421052631578947,0.85,5.17628205128205,nullpointer,2022.01.08,,16
https://www.chess.com/game/live/9575755009,5,0.1625,0.8333333333333334,5.128205128205128,fatenehkeshvari,2021.03.15,,17
https://www.chess.com/game/live/35403425429,7,0.11333333333333336,0.5714285714285714,5.042016806722689,a1b2c3d4aa,2022.01.08,,18
https://www.chess.com/game/live/35247454461,20,0.14,0.7,4.999999999999999,ap_yessir,2022.01.06,,19
https://www.chess.com/game/live/37819203617,16,0.15375,0.7647058823529411,4.973696795791487,inbase,2022.02.05,,20
https://www.chess.com/game/live/49856957767,28,0.14625,0.7272727272727273,4.9728049728049735,abraaosv88,2022.06.25,,21
https://www.chess.com/game/live/10950427993,45,0.17181818181818184,0.8444444444444444,4.914756025867137,Dewa_kibuul,2021.03.31,,22
https://www.chess.com/game/live/41284808449,9,0.145,0.7,4.827586206896552,alecjara,2022.03.17,,23
https://www.chess.com/game/live/38628853425,8,0.15571428571428572,0.75,4.816513761467889,Guitnrj,2022.02.15,,24
https://www.chess.com/game/live/47950203165,11,0.139090909090909,0.6666666666666666,4.793028322440088,jecks-offroad,2022.06.02,,25
https://www.chess.com/game/live/41287852603,23,0.17695652173913046,0.8333333333333334,4.70925470925471,basaparov,2022.03.17,queen sac forced back rank mate,26
https://www.chess.com/game/live/37132299865,14,0.17153846153846153,0.7857142857142857,4.5803971812940425,mahmodmomeni,2022.01.28,,27
https://www.chess.com/game/live/35401715557,21,0.157,0.7142857142857143,4.549590536851684,sudhakartyagi,2022.01.08,,28
https://www.chess.com/game/live/35423840811,22,0.15818181818181815,0.6956521739130435,4.397801099450275,macacomanso,2022.01.08,,29
https://www.chess.com/game/live/8024694489,10,0.16,0.7,4.375,bolter54,2021.02.25,,30
https://www.chess.com/game/live/43530566923,21,0.19333333333333333,0.8181818181818182,4.231974921630093,prr66,2022.04.12,,31
https://www.chess.com/game/live/9416667907,7,0.1716666666666667,0.7142857142857143,4.160887656033287,mtoddky,2021.03.13,,32
https://www.chess.com/game/live/49850353845,14,0.2076923076923077,0.8571428571428571,4.126984126984127,AlessioMonti96,2022.06.24,,33
https://www.chess.com/game/live/15204148745,15,0.22466666666666665,0.875,3.8946587537091992,Z4E8I15D16K23B42,2021.05.19,,34
https://www.chess.com/game/live/17529168311,48,0.211875,0.8163265306122449,3.8528685810607435,aherl,2021.06.15,,35
https://www.chess.com/game/live/35422659411,11,0.192,0.7272727272727273,3.787878787878788,erisjay,2022.01.08,,36
https://www.chess.com/game/live/9143795711,14,0.17785714285714285,0.6666666666666666,3.748326639892905,MORULAGANYI,2021.03.10,,37
https://www.chess.com/game/live/17184717377,21,0.19428571428571428,0.7272727272727273,3.743315508021391,Sunshine1455,2021.06.11,,38
https://www.chess.com/game/live/35330254867,16,0.22125,0.8235294117647058,3.7221668328348287,petefairchild319,2022.01.07,,39
https://www.chess.com/game/live/35683614399,68,0.19926470588235293,0.7391304347826086,3.709289266805712,Eduardo_LRosa,2022.01.11,,40
https://www.chess.com/game/live/10949879187,2,0.18,0.6666666666666666,3.7037037037037033,RobbyBobbyx,2021.03.31,,41
https://www.chess.com/game/live/44150149675,15,0.18666666666666668,0.6875,3.683035714285714,keylitamart,2022.04.19,,42
https://www.chess.com/game/live/35749631193,11,0.173,0.6363636363636364,3.6784025223331582,jurijgag,2022.01.12,,43
https://www.chess.com/game/live/35855959299,11,0.2281818181818181,0.8333333333333334,3.652058432934928,ShakyPython22,2022.01.13,,44
https://www.chess.com/game/live/47951424755,17,0.2017647058823529,0.7222222222222222,3.5795270489148043,Raickamel,2022.06.02,,45
https://www.chess.com/game/live/37137681527,16,0.18210526315789471,0.65,3.569364161849712,taxlertaxes,2022.01.28,,46
https://www.chess.com/game/live/36359495031,17,0.21625,0.7647058823529411,3.536212172730364,lmdtnn,2022.01.19,,47
https://www.chess.com/game/live/35179015943,8,0.21285714285714288,0.75,3.523489932885906,patelkk99,2022.01.06,,48
https://www.chess.com/game/live/37075854601,31,0.21407407407407408,0.75,3.5034602076124566,najl,2022.01.28,,49
https://www.chess.com/game/live/44849967261,11,0.2181818181818181,0.75,3.4375000000000004,ContraNatura,2022.04.28,,50
https://www.chess.com/game/live/43463422517,38,0.20421052631578948,0.6923076923076923,3.3901665344964313,kunlelonge,2022.04.12,,51
https://www.chess.com/game/live/8111157553,17,0.21705882352941175,0.7222222222222222,3.3273110508882864,tonynewton432,2021.02.26,,52
https://www.chess.com/game/live/39226823303,82,0.2410975609756097,0.7951807228915663,3.298169917911403,Dwarfbutt,2022.02.22,,53
https://www.chess.com/game/live/7944876127,16,0.2286666666666667,0.75,3.2798833819241984,really_123,2021.02.24,,54
https://www.chess.com/game/live/44739556271,22,0.2257142857142857,0.7391304347826086,3.274628508530544,leyseca,2022.04.26,,55
https://www.chess.com/game/live/11472953923,13,0.17692307692307693,0.5714285714285714,3.2298136645962727,Stoney28,2021.04.06,,56
https://www.chess.com/game/live/37137590629,18,0.20066666666666666,0.625,3.114617940199336,alfiledama,2022.01.28,,57
https://www.chess.com/game/live/44914238525,13,0.2225,0.6923076923076923,3.111495246326707,NazimBilen,2022.04.28,,58
https://www.chess.com/game/live/44851223511,11,0.205,0.6363636363636364,3.104212860310421,FlyingDucky101,2022.04.28,,59
https://www.chess.com/game/live/37131729587,10,0.24347826086956526,0.75,3.0803571428571423,knight_watchmen,2022.01.28,,60
https://www.chess.com/game/live/18051167449,30,0.26666666666666666,0.8064516129032258,3.0241935483870965,claudioportilla,2021.06.21,,61
https://www.chess.com/game/live/15609216859,17,0.2770588235294118,0.8333333333333334,3.0077848549186132,nabil19661102,2021.05.24,,62
https://www.chess.com/game/live/35353002267,30,0.248,0.7419354838709677,2.991675338189386,haseebkhankheil,2022.01.08,,63
https://www.chess.com/game/live/35515655475,38,0.2255263157894737,0.6666666666666666,2.9560482302605986,Konstantin-1,2022.01.10,,64
https://www.chess.com/game/live/44386276249,49,0.2306122448979591,0.68,2.9486725663716817,CaptainDeadpool98,2022.04.22,,65
https://www.chess.com/game/live/35759759937,32,0.25548387096774194,0.75,2.935606060606061,CrookedBerry,2022.01.12,,66
https://www.chess.com/game/live/38619898571,24,0.2479166666666667,0.72,2.9042016806722684,shahabsoleymani,2022.02.14,,67
https://www.chess.com/game/live/35401573721,22,0.275,0.7826086956521741,2.845849802371541,Knightnupe,2022.01.08,,68
https://www.chess.com/game/live/16226104943,32,0.246875,0.696969696969697,2.823168392788645,PeabodyBolton,2021.05.31,,69
https://www.chess.com/game/live/35854736399,19,0.2633333333333333,0.7368421052631579,2.798134576948701,wancho777,2022.01.13,,70
https://www.chess.com/game/live/43885547461,11,0.1845454545454545,0.5,2.70935960591133,Jagawt,2022.04.16,,71
https://www.chess.com/game/live/36203296501,19,0.24,0.65,2.708333333333333,GeneralKai,2022.01.18,,72
https://www.chess.com/game/live/44156703377,12,0.2863636363636364,0.7692307692307693,2.6862026862026864,ChessLearner54,2022.04.20,,73
https://www.chess.com/game/live/44739676197,18,0.3117647058823529,0.8333333333333334,2.672955974842768,leyseca,2022.04.26,,74
https://www.chess.com/game/live/35852426067,16,0.265,0.7058823529411765,2.6637069922308547,nelusufan,2022.01.13,,75
https://www.chess.com/game/live/35761083387,11,0.2509090909090909,0.6666666666666666,2.6570048309178738,ThePigeon78,2022.01.12,,76
https://www.chess.com/game/live/35749026887,30,0.2517241379310345,0.6666666666666666,2.648401826484018,Valdik71,2022.01.12,,77
https://www.chess.com/game/live/44739623797,21,0.2945,0.7727272727272727,2.6238617070535577,leyseca,2022.04.26,,78
https://www.chess.com/game/live/39225530749,19,0.28444444444444444,0.7368421052631579,2.5904605263157894,harman_tfn,2022.02.21,,79
https://www.chess.com/game/live/44742556359,15,0.242,0.625,2.5826446280991737,ahmedWarregh,2022.04.26,,80
https://www.chess.com/game/live/43466411003,17,0.2811764705882353,0.7222222222222222,2.568572756857276,Hassleryuu,2022.04.12,,81
https://www.chess.com/game/live/35252159001,18,0.2716666666666667,0.6842105263157895,2.5185663545366483,Velezano,2022.01.06,,82
https://www.chess.com/game/live/36105058111,19,0.2933333333333333,0.7368421052631579,2.5119617224880377,MarchingBagpipe,2022.01.16,,83
https://www.chess.com/game/live/41215152185,11,0.29100000000000004,0.7272727272727273,2.4992189940643548,SilverAce_Elbo,2022.03.17,,84
https://www.chess.com/game/live/44914297747,17,0.2825,0.7058823529411765,2.498698594482041,kralj1765,2022.04.28,,85
https://www.chess.com/game/live/44318371563,14,0.2584615384615384,0.6428571428571429,2.487244897959184,Kso61,2022.04.21,,86
https://www.chess.com/game/live/17708481867,65,0.3303125,0.8153846153846154,2.468524852630813,vishwajith1,2021.06.17,,87
https://www.chess.com/game/live/47952060517,23,0.2882608695652174,0.7083333333333334,2.457264957264957,Rashad_Az,2022.06.02,,88
https://www.chess.com/game/live/9317186487,19,0.28526315789473683,0.7,2.4538745387453877,AlpacaJack,2021.03.12,,89
https://www.chess.com/game/live/36267067259,19,0.2811111111111111,0.6842105263157895,2.4339504888703978,diegogarcia2504,2022.01.18,,90
https://www.chess.com/game/live/35501803381,56,0.2838181818181818,0.6785714285714286,2.390866660565572,Runatrader,2022.01.09,,91
https://www.chess.com/game/live/44739044899,18,0.2888888888888889,0.6842105263157895,2.3684210526315788,leyseca,2022.04.26,,92
https://www.chess.com/game/live/35418496509,19,0.33388888888888885,0.7894736842105263,2.364480252211228,ymahesh,2022.01.08,,93
https://www.chess.com/game/live/8891230525,24,0.3173913043478261,0.75,2.3630136986301373,JairoJPP,2021.03.07,,94
https://www.chess.com/game/live/35330324969,32,0.269375,0.6363636363636364,2.3623708078464456,J_Enes,2022.01.07,,95
https://www.chess.com/game/live/36197896055,15,0.2835714285714286,0.6666666666666666,2.350965575146935,mensurmalicevic4,2022.01.17,,96
https://www.chess.com/game/live/35684762057,19,0.33944444444444444,0.7894736842105263,2.325781721078473,tiago_2013,2022.01.11,,97
https://www.chess.com/game/live/14842649213,36,0.2830555555555556,0.6486486486486487,2.2915948333023897,vandamchik,2021.05.15,,98
https://www.chess.com/game/live/49250397629,26,0.3133333333333333,0.7142857142857143,2.2796352583586628,ShinyMars88,2022.06.18,,99
https://www.chess.com/game/live/8625945401,20,0.3565,0.8095238095238095,2.270754023909704,nikoChao,2021.03.04,,100
https://www.chess.com/game/live/45525061505,13,0.3507692307692308,0.7857142857142857,2.239974937343358,KingOlibaba,2022.05.05,,101
https://www.chess.com/game/live/16837603785,31,0.2935483870967742,0.65625,2.2355769230769234,EKFede,2021.06.07,,102
https://www.chess.com/game/live/44154274635,16,0.343125,0.7647058823529411,2.2286510232508303,peeramawana,2022.04.20,,103
https://www.chess.com/game/live/35244387147,13,0.2791666666666667,0.6153846153846154,2.204362801377727,adhrit6,2022.01.06,,104
https://www.chess.com/game/live/36265726205,20,0.2865,0.6190476190476191,2.1607246738136787,torcun,2022.01.18,,105
https://www.chess.com/game/live/35336197145,46,0.3324444444444445,0.7173913043478259,2.1579283887468033,rednergy,2022.01.07,,106
https://www.chess.com/game/live/9578082313,15,0.2613333333333333,0.5625,2.1524234693877546,Biwi61,2021.03.15,,107
https://www.chess.com/game/live/36358282319,30,0.3473333333333333,0.7419354838709677,2.1360906445421337,Lshapemate,2022.01.19,,108
https://www.chess.com/game/live/48320958655,30,0.3758620689655172,0.8,2.128440366972477,asim50,2022.06.07,,109
https://www.chess.com/game/live/9578117871,72,0.3672222222222222,0.7808219178082192,2.12629266574099,Sarge9119,2021.03.15,,110
https://www.chess.com/game/live/48039007143,30,0.3063333333333333,0.6451612903225806,2.106076029344659,rezahaqiqi,2022.06.03,,111
https://www.chess.com/game/live/37817468353,69,0.3595652173913044,0.7571428571428571,2.105717740542408,bogwood,2022.02.05,,112
https://www.chess.com/game/live/35851211661,11,0.34600000000000003,0.7272727272727273,2.10194429847609,stephen_22,2022.01.13,,113
https://www.chess.com/game/live/45335951745,25,0.34375,0.72,2.0945454545454547,thanelsimon,2022.05.03,,114
https://www.chess.com/game/live/43464583855,35,0.37857142857142856,0.7777777777777778,2.0545073375262057,Protervus,2022.04.12,,115
https://www.chess.com/game/live/44163303777,16,0.3386666666666667,0.6875,2.0300196850393704,Fercho721,2022.04.20,,116
https://www.chess.com/game/live/8626537927,63,0.35354838709677416,0.7142857142857143,2.0203336809176227,IvanParf,2021.03.04,,117
https://www.chess.com/game/live/8886454727,41,0.3505,0.7073170731707317,2.01802303329738,flacofa,2021.03.07,,118
https://www.chess.com/game/live/35255796927,57,0.4103571428571429,0.8245614035087719,2.009375047715023,robertpatrickson,2022.01.07,,119
https://www.chess.com/game/live/36361862879,21,0.3085,0.6190476190476191,2.006637338890175,farfallina02,2022.01.19,,120
https://www.chess.com/game/live/39544760905,23,0.3059090909090909,0.6086956521739131,1.98979262226242,mike527888,2022.02.25,,121
https://www.chess.com/game/live/35658978945,10,0.276,0.5454545454545454,1.9762845849802368,BAKAMITAl,2022.01.11,,122
https://www.chess.com/game/live/35578661231,25,0.32625,0.64,1.9616858237547892,tanker576,2022.01.10,,123
https://www.chess.com/game/live/37135197163,22,0.3947619047619048,0.7727272727272727,1.957451474942428,ranv_rod,2022.01.28,,124
https://www.chess.com/game/live/35248057665,14,0.3085714285714285,0.6,1.9444444444444444,Twistedlightning,2022.01.06,,125
https://www.chess.com/game/live/10528019683,38,0.32513513513513514,0.631578947368421,1.9425121407008792,jpatmor,2021.03.26,,126
https://www.chess.com/game/live/15465155463,11,0.3018181818181818,0.5833333333333334,1.9327309236947792,frieoot,2021.05.22,,127
https://www.chess.com/game/live/37243185007,23,0.29363636363636364,0.5652173913043478,1.924888948714497,emirazip,2022.01.30,,128
https://www.chess.com/game/live/9054448629,28,0.43,0.8214285714285714,1.9102990033222589,advAjay,2021.03.09,,129
https://www.chess.com/game/live/35404711359,38,0.3921052631578947,0.7435897435897436,1.89640337291344,civyt0,2022.01.08,,130
https://www.chess.com/game/live/35762199231,26,0.366,0.6923076923076923,1.8915510718789408,osirisrahibi,2022.01.12,,131
https://www.chess.com/game/live/44647154255,20,0.354,0.6666666666666666,1.8832391713747647,palmeira2,2022.04.25,,132
https://www.chess.com/game/live/41724594507,23,0.35869565217391297,0.6666666666666666,1.8585858585858583,zaiser_one,2022.03.22,,133
https://www.chess.com/game/live/12686816829,21,0.3845,0.7142857142857143,1.857700167193015,Pruzkumnicek,2021.04.20,,134
https://www.chess.com/game/live/38625262025,15,0.3628571428571428,0.6666666666666666,1.8372703412073488,dray195,2022.02.15,,135
https://www.chess.com/game/live/8972239779,37,0.3605405405405406,0.6578947368421053,1.824745521975854,BBILLYBOB,2021.03.08,,136
https://www.chess.com/game/live/49853376993,14,0.3946153846153846,0.7142857142857143,1.8100807574491784,aehsreko,2022.06.24,,137
https://www.chess.com/game/live/35849915087,44,0.3463636363636363,0.6222222222222222,1.7964421114027416,osama_Mohamed,2022.01.13,,138
https://www.chess.com/game/live/6590063631,13,0.3183333333333333,0.5714285714285714,1.7950635751682873,Krunoh,2021.02.17,,139
https://www.chess.com/game/live/37143090467,35,0.3653571428571428,0.6551724137931034,1.7932382782215932,NativistConcern,2022.01.28,,140
https://www.chess.com/game/live/44850621767,50,0.4069387755102041,0.72,1.769307923771314,bonecollector1,2022.04.28,,141
https://www.chess.com/game/live/43959393225,33,0.39939393939393936,0.7058823529411765,1.7673837364991525,gonzalo73,2022.04.17,,142
https://www.chess.com/game/live/43460393179,44,0.3568181818181818,0.6222222222222222,1.7438075017692851,sundarsherpa,2022.04.11,,143
https://www.chess.com/game/live/15286370279,17,0.375,0.6470588235294118,1.7254901960784317,gashbell2,2021.05.20,,144
https://www.chess.com/game/live/14514987955,28,0.41592592592592603,0.7142857142857143,1.7173387609718864,opablovale,2021.05.11,,145
https://www.chess.com/game/live/44915484465,27,0.4115384615384615,0.7037037037037037,1.7099342332987195,AvinashKumar12345,2022.04.28,,146
https://www.chess.com/game/live/36357075465,42,0.34951219512195125,0.5952380952380952,1.703053866347655,shivharibkp,2022.01.19,,147
https://www.chess.com/game/live/35665682219,39,0.4415384615384616,0.75,1.6986062717770034,wolly91,2022.01.11,,148
https://www.chess.com/game/live/49166930099,50,0.4442105263157894,0.75,1.6883886255924172,agusz,2022.06.17,,149
https://www.chess.com/game/live/43465810303,8,0.3957142857142857,0.6666666666666666,1.6847172081829125,facundito25,2022.04.12,,150
https://www.chess.com/game/live/45008966287,35,0.396,0.6666666666666666,1.6835016835016834,HeG21,2022.04.29,,151
https://www.chess.com/game/live/39923316115,10,0.435,0.7272727272727273,1.6718913270637408,alexkwin,2022.03.02,,152
https://www.chess.com/game/live/43467590585,23,0.4736363636363637,0.7916666666666666,1.6714651311580293,Antondiniz,2022.04.12,,153
https://www.chess.com/game/live/14606789907,4,0.36,0.6,1.6666666666666663,Natsion,2021.05.13,,154
https://www.chess.com/game/live/48323368009,51,0.4168627450980392,0.6923076923076923,1.6607569288660535,wevertoncosta,2022.06.07,,155
https://www.chess.com/game/live/14839071981,13,0.3875,0.6428571428571429,1.6589861751152075,PrejTirone,2021.05.15,,156
https://www.chess.com/game/live/35246315503,27,0.3877777777777778,0.6428571428571429,1.6577977896029474,s17ef,2022.01.06,,157
https://www.chess.com/game/live/10778790291,10,0.439,0.7272727272727273,1.6566576931041623,Bejohansen,2021.03.29,,158
https://www.chess.com/game/live/10953494405,10,0.385,0.6363636363636364,1.6528925619834711,hesam007007,2021.03.31,,159
https://www.chess.com/game/live/44157331543,29,0.403448275862069,0.6666666666666666,1.6524216524216522,B1339,2022.04.20,,160
https://www.chess.com/game/live/43973697539,32,0.4234375,0.696969696969697,1.645980096164598,dirtyredddd,2022.04.17,,161
https://www.chess.com/game/live/49853349189,16,0.3446666666666667,0.5625,1.6320116054158609,Nicosaf,2022.06.24,,162
https://www.chess.com/game/live/8629005729,14,0.4607692307692308,0.7333333333333333,1.5915414579855311,djmixtas,2021.03.04,,163
https://www.chess.com/game/live/8976965677,36,0.4388571428571428,0.6944444444444444,1.5823929398148149,fatmirbushati,2021.03.08,,164
https://www.chess.com/game/live/41293870139,25,0.4144,0.6538461538461539,1.5778140778140777,sergei-1502krygin,2022.03.17,"opp falls into c4 trap to lose queen, then queen sac forced back rank mate",165
https://www.chess.com/game/live/35406485467,83,0.4246987951807229,0.6666666666666666,1.569739952718676,Jazzychesstastic,2022.01.08,,166
https://www.chess.com/game/live/36202154087,28,0.48,0.75,1.5625,oangulo24,2022.01.17,,167
https://www.chess.com/game/live/49168142635,33,0.3765625,0.5757575757575758,1.528982773796052,MiguelTurinho,2022.06.17,,168
https://www.chess.com/game/live/35758048805,19,0.5183333333333333,0.7894736842105263,1.5231003553900828,tschausepp,2022.01.12,,169
https://www.chess.com/game/live/14604474473,21,0.5015,0.7619047619047619,1.519251768504012,fishels,2021.05.13,,170
https://www.chess.com/game/live/17284932341,29,0.4775,0.7241379310344828,1.516519227297346,sladak1975,2021.06.13,,171
https://www.chess.com/game/live/43722267053,24,0.4225,0.64,1.5147928994082842,bj132,2022.04.15,,172
https://www.chess.com/game/live/43544432059,18,0.3305882352941177,0.5,1.5124555160142348,kjpfannenstiel,2022.04.12,,173
https://www.chess.com/game/live/44150681761,10,0.3988888888888889,0.6,1.5041782729805016,RTBIII,2022.04.19,,174
https://www.chess.com/game/live/44740215581,25,0.46125,0.6923076923076923,1.50093808630394,leyseca,2022.04.26,,175
https://www.chess.com/game/live/36361273479,25,0.4876,0.7307692307692307,1.4987063797564206,varanos1,2022.01.19,,176
https://www.chess.com/game/live/44742687593,17,0.3925,0.5882352941176471,1.4986886474334955,Seb540,2022.04.26,,177
https://www.chess.com/game/live/48322178743,9,0.2975,0.4444444444444444,1.4939309056956116,Terrason2,2022.06.07,,178
https://www.chess.com/game/live/41284829945,16,0.552,0.8235294117647058,1.4919011082693945,queens_bum69,2022.03.17,scotch gambit e5->dxe5 opp loses queen,179
https://www.chess.com/game/live/45007815719,53,0.4718867924528302,0.7037037037037037,1.491255349711967,Heartthrob2,2022.04.29,,180
https://www.chess.com/game/live/7847108971,23,0.3804545454545455,0.5652173913043478,1.4856371097605316,victorlima4,2021.02.23,,181
https://www.chess.com/game/live/17709144335,21,0.49,0.7272727272727273,1.4842300556586272,Jh3anQu3iroz,2021.06.17,,182
https://www.chess.com/game/live/16839286543,22,0.44,0.6521739130434783,1.4822134387351782,chetankr1sh,2021.06.07,,183
https://www.chess.com/game/live/43724116161,18,0.3752941176470588,0.5555555555555556,1.4803204458376873,hoziain66up,2022.04.15,,184
https://www.chess.com/game/live/35423203269,53,0.4509615384615385,0.660377358490566,1.4643762320473106,karls96,2022.01.08,,185
https://www.chess.com/game/live/41286576737,26,0.3444,0.5,1.4518002322880372,6.751529630211199e+16,2022.03.17,,186
https://www.chess.com/game/live/35276766497,14,0.4438461538461539,0.6428571428571429,1.4483783114632334,adem1085,2022.01.07,,187
https://www.chess.com/game/live/14602023437,19,0.4727777777777778,0.6842105263157895,1.4472138041932092,AzBio,2021.05.12,,188
https://www.chess.com/game/live/17188934083,24,0.4425,0.64,1.4463276836158192,joel7916,2021.06.11,,189
https://www.chess.com/game/live/43718725637,48,0.4902127659574468,0.7083333333333334,1.4449508101851851,M7tron,2022.04.14,,190
https://www.chess.com/game/live/43466951993,23,0.3769565217391305,0.5416666666666666,1.4369473279507878,denniskeritsis,2022.04.12,,191
https://www.chess.com/game/live/11561156823,24,0.30625,0.44,1.436734693877551,BrankoPT,2021.04.07,,192
https://www.chess.com/game/live/25748942669,23,0.4930434782608695,0.7083333333333334,1.4366549088771312,Asura2298,2021.09.19,,193
https://www.chess.com/game/live/44323231541,19,0.3672222222222222,0.5263157894736842,1.4332351301855242,koyongmanaf,2022.04.21,,194
https://www.chess.com/game/live/49250974569,61,0.4471666666666667,0.639344262295082,1.4297672656617562,cs_tuc,2022.06.18,,195
https://www.chess.com/game/live/17441607625,28,0.4114285714285715,0.5862068965517241,1.4248084291187737,adelafify20,2021.06.14,,196
https://www.chess.com/game/live/43544965197,25,0.5904166666666666,0.84,1.4227240649258999,mruniquebutt,2022.04.12,,197
https://www.chess.com/game/live/18049843055,37,0.5544444444444444,0.7837837837837838,1.4136380869847804,Ospocarpaa,2021.06.21,,198
https://www.chess.com/game/live/15811481821,35,0.5323529411764706,0.7428571428571429,1.3954222573007105,buepa,2021.05.26,,199
https://www.chess.com/game/live/37245021179,9,0.43166666666666653,0.6,1.3899613899613898,vineet12345,2022.01.30,,200
https://www.chess.com/game/live/41215207463,11,0.42,0.5833333333333334,1.3888888888888893,AstroPinguim,2022.03.17,,201
https://www.chess.com/game/live/17101951485,27,0.43777777777777777,0.6071428571428571,1.3868745467730241,mfboc,2021.06.10,,202
https://www.chess.com/game/live/49854550297,23,0.4359615384615384,0.6037735849056604,1.38492397067024,Evanagramonte,2022.06.25,,203
https://www.chess.com/game/live/35933376667,25,0.4732,0.6538461538461539,1.381754340334222,tbcytdg1bb,2022.01.14,,204
https://www.chess.com/game/live/35423886287,23,0.5372727272727272,0.7391304347826086,1.3757080850437726,PascalSpycher,2022.01.08,,205
https://www.chess.com/game/live/44385661951,11,0.4254545454545455,0.5833333333333334,1.3710826210826212,Dragutin16,2022.04.22,,206
https://www.chess.com/game/live/8632669011,15,0.5864285714285714,0.8,1.364190012180268,Marco-Romagnoli,2021.03.04,,207
https://www.chess.com/game/live/9576360795,35,0.4691428571428571,0.6388888888888888,1.361821626742455,Rewady,2021.03.15,,208
https://www.chess.com/game/live/45335358753,25,0.5583333333333333,0.76,1.3611940298507463,Lillo16,2022.05.03,,209
https://www.chess.com/game/live/44162691091,30,0.4503333333333333,0.6129032258064516,1.3609990210357918,Fercho721,2022.04.20,,210
https://www.chess.com/game/live/14606243367,13,0.34,0.4615384615384616,1.3574660633484164,hermawan888,2021.05.13,,211
https://www.chess.com/game/live/35664444775,18,0.4511764705882353,0.6111111111111112,1.3544835578733885,bobfirefighter,2022.01.11,,212
https://www.chess.com/game/live/43621750465,26,0.5115999999999999,0.6923076923076923,1.3532206651831358,Gestapo2417,2022.04.13,,213
https://www.chess.com/game/live/16501494311,37,0.44027777777777777,0.5945945945945946,1.3504987637479753,PsyRunner,2021.06.03,,214
https://www.chess.com/game/live/36269966155,14,0.5928571428571429,0.8,1.3493975903614461,porikihbk,2022.01.18,,215
https://www.chess.com/game/live/12781523219,20,0.4945000000000001,0.6666666666666666,1.348163127738456,Faaridaa,2021.04.21,,216
https://www.chess.com/game/live/47429978489,32,0.5129032258064516,0.6875,1.3404088050314464,VOT1505,2022.05.27,,217
https://www.chess.com/game/live/47842889899,19,0.5894444444444444,0.7894736842105263,1.339352150404286,LMQ777,2022.06.01,,218
https://www.chess.com/game/live/35493480087,26,0.5756,0.7692307692307693,1.3363981397337896,Noktaninsirri,2022.01.09,,219
https://www.chess.com/game/live/48386359123,47,0.5117391304347826,0.6808510638297872,1.330465120483017,Kpugile,2022.06.08,,220
https://www.chess.com/game/live/43974345503,16,0.536875,0.7058823529411765,1.3147983291104568,Gruno22353,2022.04.17,,221
https://www.chess.com/game/live/44318969773,23,0.5327272727272727,0.6956521739130435,1.3058317257753376,shivamkaul10,2022.04.21,,222
https://www.chess.com/game/live/16136177101,37,0.4875,0.631578947368421,1.2955465587044537,II88II,2021.05.30,,223
https://www.chess.com/game/live/36270016183,21,0.7019047619047619,0.9090909090909092,1.2951770075243616,FlorimNikqi,2022.01.18,,224
https://www.chess.com/game/live/44148865947,24,0.4834782608695653,0.625,1.2927158273381294,SutSarE,2022.04.19,,225
https://www.chess.com/game/live/18052278803,10,0.5633333333333334,0.7272727272727273,1.2910166756320602,blvckCheeto,2021.06.21,,226
https://www.chess.com/game/live/39543063383,20,0.591,0.7619047619047619,1.2891789541535734,ukchampion,2022.02.25,,227
https://www.chess.com/game/live/38624062485,20,0.591,0.7619047619047619,1.2891789541535734,JARILO77,2022.02.15,,228
https://www.chess.com/game/live/9747568325,16,0.5333333333333333,0.6875,1.2890625,adelhosainpour,2021.03.17,,229
https://www.chess.com/game/live/10868182637,24,0.4975,0.64,1.28643216080402,revit402,2021.03.30,,230
https://www.chess.com/game/live/44902890639,17,0.601875,0.7647058823529411,1.270539368395333,DamirMetelko,2022.04.28,,231
https://www.chess.com/game/live/35179600611,22,0.4657142857142857,0.5909090909090909,1.2688232013385388,juanitolaguna,2022.01.06,,232
https://www.chess.com/game/live/39222527053,36,0.5336111111111111,0.6756756756756757,1.2662323958523851,bm911513,2022.02.21,,233
https://www.chess.com/game/live/8888193429,33,0.5842424242424242,0.7352941176470589,1.2585428362216258,Ibrahimashrafov,2021.03.07,,234
https://www.chess.com/game/live/14842075651,11,0.4645454545454546,0.5833333333333334,1.2557077625570778,radojicailic,2021.05.15,,235
https://www.chess.com/game/live/9320826253,20,0.4945000000000001,0.6190476190476191,1.2518657614714237,sanil4,2021.03.12,,236
https://www.chess.com/game/live/17184179903,21,0.5725,0.7142857142857143,1.2476606363069247,Andro1234567,2021.06.11,,237
https://www.chess.com/game/live/14606835373,33,0.5663636363636363,0.7058823529411765,1.2463412331224626,JrtheDon,2021.05.13,,238
https://www.chess.com/game/live/35847571909,21,0.5861904761904762,0.7272727272727273,1.2406764640720775,Nasirhaydar,2022.01.13,,239
https://www.chess.com/game/live/9059211379,21,0.5375,0.6666666666666666,1.2403100775193798,ping59,2021.03.09,,240
https://www.chess.com/game/live/15034578811,16,0.4275,0.5294117647058824,1.2383900928792568,Kelineous,2021.05.17,,241
https://www.chess.com/game/live/37054285561,51,0.5529166666666666,0.68,1.2298417483044464,dbursic,2022.01.27,,242
https://www.chess.com/game/live/44737821719,23,0.5765217391304348,0.7083333333333334,1.2286324786324785,drum126,2022.04.26,,243
https://www.chess.com/game/live/8456018735,31,0.5341935483870968,0.65625,1.2284873188405798,stev88,2021.03.02,,244
https://www.chess.com/game/live/16838212175,25,0.65125,0.8,1.2284069097888677,kodz8o,2021.06.07,,245
https://www.chess.com/game/live/37246221895,17,0.43125,0.5294117647058824,1.2276214833759589,AbangSiomay,2022.01.30,,246
https://www.chess.com/game/live/8114671227,49,0.565625,0.6938775510204082,1.226744841583042,beerboy707,2021.02.26,,247
https://www.chess.com/game/live/7946095617,40,0.5607500000000001,0.6829268292682927,1.217881104357187,siggecigarr,2021.02.24,,248
https://www.chess.com/game/live/14603214949,27,0.4714814814814815,0.5714285714285714,1.2119851868477165,ltr123,2021.05.13,,249
https://www.chess.com/game/live/35244467553,36,0.4238888888888889,0.5135135135135135,1.2114342389571748,dlopez18,2022.01.06,,250
https://www.chess.com/game/live/12528393241,50,0.6114285714285714,0.74,1.2102803738317758,aldo2222,2021.04.18,,251
https://www.chess.com/game/live/43531885473,20,0.6663157894736842,0.8,1.2006319115323856,eshwarpradeep94,2022.04.12,,252
https://www.chess.com/game/live/14605040655,11,0.531,0.6363636363636364,1.1984249272384864,davemurza,2021.05.13,,253
https://www.chess.com/game/live/44139850687,27,0.6223076923076923,0.7407407407407407,1.1903126859863569,Kyussss1,2022.04.19,,254
https://www.chess.com/game/live/39544220619,20,0.5605,0.6666666666666666,1.189414213499851,pandadeal,2022.02.25,,255
https://www.chess.com/game/live/43886051629,26,0.5919230769230769,0.7037037037037037,1.1888431641518062,quimsniffer,2022.04.16,,256
https://www.chess.com/game/live/39221397101,12,0.4963636363636363,0.5833333333333334,1.1752136752136753,Smacq16,2022.02.21,,257
https://www.chess.com/game/live/49850945755,40,0.5542105263157895,0.65,1.1728395061728396,Dharmendra-Kumar,2022.06.24,,258
https://www.chess.com/game/live/44909376589,23,0.52,0.6086956521739131,1.1705685618729096,AndresSerna11235813,2022.04.28,,259
https://www.chess.com/game/live/10951651863,54,0.5496296296296296,0.6363636363636364,1.1578044596912522,Enicoletti00,2021.03.31,,260
https://www.chess.com/game/live/44916042695,28,0.5962962962962962,0.6785714285714286,1.137976929902396,Jamala1976,2022.04.28,,261
https://www.chess.com/game/live/41727019855,26,0.6448,0.7307692307692307,1.1333269707959532,wangbungal,2022.03.22,,262
https://www.chess.com/game/live/37134604939,29,0.5528571428571428,0.6206896551724138,1.1226944667201284,keops232000,2022.01.28,,263
https://www.chess.com/game/live/35164693631,27,0.6077777777777778,0.6785714285714286,1.1164794985635935,Dennys717,2022.01.05,,264
https://www.chess.com/game/live/16305968791,23,0.5973913043478261,0.6666666666666666,1.1159631246967492,kico11,2021.06.01,,265
https://www.chess.com/game/live/36265867125,56,0.6605357142857143,0.7368421052631579,1.1155219760675004,Evgen083,2022.01.18,,266
https://www.chess.com/game/live/36363081953,16,0.674,0.75,1.1127596439169138,Koningsloper72,2022.01.19,,267
https://www.chess.com/game/live/16332914243,14,0.54,0.6,1.111111111111111,virgosan,2021.06.02,,268
https://www.chess.com/game/live/35408192185,26,0.5644,0.6153846153846154,1.090334187428447,coreal,2022.01.08,,269
https://www.chess.com/game/live/43620654267,48,0.5620833333333334,0.6122448979591837,1.0892422202387255,Joaquin_3,2022.04.13,,270
https://www.chess.com/game/live/44844016603,16,0.595,0.6470588235294118,1.0874938210578349,CIDRIBEIRO,2022.04.28,,271
https://www.chess.com/game/live/8705807103,16,0.5173333333333333,0.5625,1.087306701030928,HugoMatthias,2021.03.05,,272
https://www.chess.com/game/live/16851349563,47,0.6327659574468085,0.6875,1.086499663752522,Parchaty,2021.06.08,,273
https://www.chess.com/game/live/37075788319,13,0.4890322580645162,0.53125,1.086329155672823,LOKIHAKIM21,2022.01.28,,274
https://www.chess.com/game/live/8987805783,16,0.54625,0.5882352941176471,1.0768609503297886,HugoGonzalez4109,2021.03.09,,275
https://www.chess.com/game/live/11048611845,50,0.601,0.6470588235294118,1.0766369775863758,Alex7222,2021.04.01,,276
https://www.chess.com/game/live/9059934151,28,0.7303703703703703,0.7857142857142857,1.0757751376412634,Phumphius,2021.03.09,,277
https://www.chess.com/game/live/44141058453,18,0.5883333333333334,0.631578947368421,1.073505292977486,alguacil7,2022.04.19,,278
https://www.chess.com/game/live/11044563457,24,0.7508695652173912,0.7916666666666666,1.0543331403204017,LFC60,2021.04.01,,279
https://www.chess.com/game/live/36269424171,26,0.4764,0.5,1.0495382031905962,markmkelly31,2022.01.18,,280
https://www.chess.com/game/live/45010162411,54,0.5738888888888889,0.6,1.0454985479186834,rogeriopanico,2022.04.29,,281
https://www.chess.com/game/live/15032201121,21,0.6835,0.7142857142857143,1.0450412791305257,saro2310,2021.05.17,,282
https://www.chess.com/game/live/6590210490,13,0.4425,0.4615384615384616,1.0430247718383312,AMITH16,2021.02.17,,283
https://www.chess.com/game/live/35262428505,32,0.6115625,0.6363636363636364,1.040553723231291,Nofraid,2022.01.07,,284
https://www.chess.com/game/live/10879092815,10,0.7040000000000001,0.7272727272727273,1.033057851239669,oscarthur,2021.03.30,,285
https://www.chess.com/game/live/49509518771,16,0.7293333333333334,0.75,1.028336380255941,DannyKnockers,2022.06.21,,286
https://www.chess.com/game/live/11303647721,21,0.7528571428571429,0.7727272727272727,1.0263929618768328,tourdiagonal,2021.04.04,,287
https://www.chess.com/game/live/10786732031,22,0.6368181818181818,0.6521739130434783,1.0241132110604227,rdm777,2021.03.29,,288
https://www.chess.com/game/live/9231978561,27,0.5796153846153846,0.5925925925925926,1.0223893435572269,Marco8au,2021.03.11,,289
https://www.chess.com/game/live/44156059759,33,0.7709375,0.7878787878787878,1.0219749173944552,Pmei,2022.04.20,,290
https://www.chess.com/game/live/8457297075,49,0.6291666666666667,0.6326530612244898,1.0055412893634277,Fl10,2021.03.02,,291
https://www.chess.com/game/live/8887663667,25,0.5991666666666666,0.6,1.0013908205841446,velichai,2021.03.07,,292
https://www.chess.com/game/live/15024451089,36,0.6114285714285714,0.6111111111111112,0.9994807892004156,LazyDayPlayer,2021.05.17,,293
https://www.chess.com/game/live/16668357965,23,0.5263636363636364,0.5217391304347826,0.991214237440865,Michael19881776,2021.06.05,,294
https://www.chess.com/game/live/9312910841,41,0.7002439024390245,0.6904761904761905,0.986050986050986,octavio54,2021.03.12,,295
https://www.chess.com/game/live/43463396615,10,0.8133333333333332,0.8,0.9836065573770492,Hmattos,2022.04.12,,296
https://www.chess.com/game/live/17715086271,33,0.6878787878787879,0.6764705882352942,0.9834153925887535,Inteligia,2021.06.18,,297
https://www.chess.com/game/live/36106215825,36,0.5802777777777778,0.5675675675675675,0.9780963347263012,Slask21,2022.01.16,,298
https://www.chess.com/game/live/45007169533,24,0.64,0.625,0.9765625,Halil39,2022.04.29,,299
https://www.chess.com/game/live/15032787867,26,0.5936,0.5769230769230769,0.9719054530375284,saro2310,2021.05.17,,300
https://www.chess.com/game/live/36200970595,33,0.626875,0.6060606060606061,0.9667965799570986,brandon_allred,2022.01.17,,301
https://www.chess.com/game/live/37126906181,65,0.7815625,0.7538461538461538,0.9645372620182696,dimatym,2022.01.28,,302
https://www.chess.com/game/live/18303017201,37,0.5745945945945946,0.5526315789473685,0.9617765014606132,TheKitsuneBoy,2021.06.24,,303
https://www.chess.com/game/live/10969049181,21,0.794,0.7619047619047619,0.9595777857742592,ruletasjeje,2021.03.31,,304
https://www.chess.com/game/live/41214564053,24,0.5647826086956522,0.5416666666666666,0.9590710803181932,aktoday,2022.03.17,balanced and uninteresting,305
https://www.chess.com/game/live/11560409591,32,0.62,0.59375,0.9576612903225808,GiorgioColacello,2021.04.07,,306
https://www.chess.com/game/live/37246271229,21,0.7484999999999999,0.7142857142857143,0.95428953144384,runway1,2022.01.30,,307
https://www.chess.com/game/live/17712724511,29,0.6507142857142857,0.6206896551724138,0.953858965138726,orceilievski,2021.06.17,,308
https://www.chess.com/game/live/36108488035,33,0.6487878787878788,0.6176470588235294,0.9520015385883452,zozzelmozz,2022.01.16,,309
https://www.chess.com/game/live/37057241081,18,0.5535294117647058,0.5263157894736842,0.9508361765199396,kill3rj,2022.01.27,,310
https://www.chess.com/game/live/16064155351,34,0.8357575757575758,0.7941176470588235,0.9501770251247706,Miniborder,2021.05.29,,311
https://www.chess.com/game/live/35580475435,28,0.7625,0.7241379310344828,0.949689089881289,Rahmdel1119,2022.01.10,,312
https://www.chess.com/game/live/10186901671,22,0.91,0.8636363636363636,0.9490509490509491,GeorgesMoustaki,2021.03.22,,313
https://www.chess.com/game/live/37218151721,24,0.4839130434782609,0.4583333333333333,0.947139862234202,Tonybaby1204,2022.01.29,,314
https://www.chess.com/game/live/37126272961,19,0.6009090909090911,0.5652173913043478,0.940603828191804,dimatym,2022.01.28,,315
https://www.chess.com/game/live/17184166901,7,0.9183333333333332,0.8571428571428571,0.933367902514908,Friso112,2021.06.11,,316
https://www.chess.com/game/live/8707546077,21,0.7659999999999999,0.7142857142857143,0.9324878776575906,adriancora,2021.03.05,,317
https://www.chess.com/game/live/39223232301,33,0.7575757575757575,0.7058823529411765,0.9317647058823532,PrideAndSorrow9,2022.02.21,,318
https://www.chess.com/game/live/35424471987,31,0.5920000000000001,0.5483870967741935,0.9263295553618132,josuba1945,2022.01.08,,319
https://www.chess.com/game/live/16220129601,28,0.8488888888888888,0.7857142857142857,0.925579655946148,NSSMK2142,2021.05.31,,320
https://www.chess.com/game/live/16229116545,19,0.74,0.6842105263157895,0.9246088193456614,jmipeba,2021.05.31,,321
https://www.chess.com/game/live/16057546273,18,0.7988888888888889,0.7368421052631579,0.9223336505380278,RahmanMdJahedur,2021.05.29,,322
https://www.chess.com/game/live/44933996057,19,0.6283333333333334,0.5789473684210527,0.9214016473544604,khaled-alzo3bi,2022.04.29,,323
https://www.chess.com/game/live/37128688233,40,0.6028205128205129,0.55,0.9123777116120799,bestrongbewrong,2022.01.28,,324
https://www.chess.com/game/live/35318158573,27,0.7476923076923078,0.6785714285714286,0.907554379776602,Peperonzino,2022.01.07,,325
https://www.chess.com/game/live/44162080591,22,0.7014285714285714,0.6363636363636364,0.9072394001110904,Demon12567,2022.04.20,,326
https://www.chess.com/game/live/26457601243,25,0.7091666666666667,0.64,0.9024676850763806,Asura2298,2021.09.27,,327
https://www.chess.com/game/live/37819239323,58,0.7452631578947368,0.6724137931034483,0.902250146113384,RamunasZ,2022.02.05,,328
https://www.chess.com/game/live/37300212857,9,0.7436585365853658,0.6666666666666666,0.8964687875806275,Alexplay18,2022.01.30,,329
https://www.chess.com/game/live/44900374817,33,0.723030303030303,0.6470588235294118,0.8949262856861101,Talaat2021,2022.04.28,,330
https://www.chess.com/game/live/43719933271,21,0.8661904761904762,0.7727272727272727,0.8920985556499574,saturno04,2022.04.15,,331
https://www.chess.com/game/live/8109239315,32,0.6667741935483871,0.59375,0.8904813739719399,ManoelSolo,2021.02.26,,332
https://www.chess.com/game/live/44855369103,29,0.749642857142857,0.6666666666666666,0.8893123709703034,sartono1234,2022.04.28,,333
https://www.chess.com/game/live/35932207907,31,0.8790322580645161,0.78125,0.8887614678899083,ROZODRAGON,2022.01.14,,334
https://www.chess.com/game/live/44914842833,11,0.8445454545454545,0.75,0.8880516684607105,blenkinsop,2022.04.28,,335
https://www.chess.com/game/live/41621992341,19,0.7711111111111112,0.6842105263157895,0.8873047171242227,beezvjhee,2022.03.21,,336
https://www.chess.com/game/live/50301584953,15,0.782,0.6875,0.8791560102301791,akashlensman,2022.06.30,,337
https://www.chess.com/game/live/43465199317,23,0.8104347826086956,0.7083333333333334,0.8740164520743922,Kalybraz,2022.04.12,,338
https://www.chess.com/game/live/44852412007,30,0.703,0.6129032258064516,0.871839581517001,kramos33,2022.04.28,,339
https://www.chess.com/game/live/35664491947,16,0.81,0.7058823529411765,0.8714596949891068,emadanwer,2022.01.11,,340
https://www.chess.com/game/live/37219190211,26,0.7559999999999999,0.6538461538461539,0.8648758648758651,abhi2861,2022.01.29,,341
https://www.chess.com/game/live/44849988927,26,0.7292307692307692,0.6296296296296297,0.8634161587748085,Arun1505,2022.04.28,,342
https://www.chess.com/game/live/35415490527,32,0.7251612903225806,0.625,0.8618772241992884,logam7,2022.01.08,,343
https://www.chess.com/game/live/35182004427,55,0.8087272727272727,0.6964285714285714,0.8611414439876669,MARTIN_CURRIE_10,2022.01.06,,344
https://www.chess.com/game/live/44161534841,13,0.7158333333333333,0.6153846153846154,0.8596758305722217,nino495,2022.04.20,,345
https://www.chess.com/game/live/8108079167,36,0.9127777777777776,0.7837837837837838,0.8586797387771217,phanichandmalladi,2021.02.26,,346
https://www.chess.com/game/live/9145646957,23,0.6308695652173913,0.5416666666666666,0.8586032621180794,ashishkavia,2021.03.10,,347
https://www.chess.com/game/live/7941784095,22,0.7957142857142857,0.6818181818181818,0.8568630651215929,luigikuik,2021.02.24,,348
https://www.chess.com/game/live/43530644967,18,0.8476470588235294,0.7222222222222222,0.8520317680623024,SpareMyKing,2022.04.12,,349
https://www.chess.com/game/live/16851289391,22,0.7538095238095238,0.6363636363636364,0.8441968644116464,suspendor,2021.06.08,,350
https://www.chess.com/game/live/8025181083,20,0.8294736842105263,0.7,0.8439086294416244,OratorioCapriccio,2021.02.25,,351
https://www.chess.com/game/live/43888466939,26,0.6844,0.5769230769230769,0.8429618306883063,Euclid0101,2022.04.16,,352
https://www.chess.com/game/live/35411262017,37,0.7210810810810812,0.6052631578947368,0.8393829401088928,JonathanViana,2022.01.08,,353
https://www.chess.com/game/live/35331426063,24,0.7978260869565217,0.6666666666666666,0.8356039963669392,pfacciocchi,2022.01.07,,354
https://www.chess.com/game/live/9742031337,22,0.7809090909090909,0.6521739130434783,0.8351470364933948,Juliano1969,2021.03.17,,355
https://www.chess.com/game/live/35168841419,19,0.6626315789473683,0.55,0.8300238284352662,DeHaasL,2022.01.06,,356
https://www.chess.com/game/live/17797312639,38,0.8042105263157895,0.6666666666666666,0.8289703315881326,Vladakost,2021.06.18,,357
https://www.chess.com/game/live/8024742471,10,0.8477777777777777,0.7,0.8256880733944955,akifmammadova,2021.02.25,,358
https://www.chess.com/game/live/41621383431,46,0.7140000000000001,0.5869565217391305,0.8220679576178298,prav2828,2022.03.21,,359
https://www.chess.com/game/live/41287245255,42,0.7880487804878049,0.6428571428571429,0.815758058097891,matemon,2022.03.17,,360
https://www.chess.com/game/live/43531148193,20,0.7968421052631579,0.65,0.8157199471598414,jalalvoshagh,2022.04.12,,361
https://www.chess.com/game/live/44738405181,28,0.7466666666666667,0.6071428571428571,0.8131377551020407,escriche2,2022.04.26,,362
https://www.chess.com/game/live/16227338799,64,0.8095238095238095,0.65625,0.8106617647058824,degoeka,2021.05.31,,363
https://www.chess.com/game/live/41289560005,18,0.7576470588235295,0.6111111111111112,0.8065907522429262,NemanjaSvorcan,2022.03.17,queen trap,364
https://www.chess.com/game/live/16333461161,25,0.8433333333333333,0.68,0.8063241106719369,Ucharq,2021.06.02,,365
https://www.chess.com/game/live/35515000183,23,1.026818181818182,0.8260869565217391,0.8045114229074042,Michael1123581321,2022.01.10,,366
https://www.chess.com/game/live/7872270079,25,0.86125,0.6923076923076923,0.803840571619962,Chaamah666,2021.02.24,,367
https://www.chess.com/game/live/35337424129,27,0.6511538461538461,0.5185185185185185,0.7963072345824856,Wawcix,2022.01.07,,368
https://www.chess.com/game/live/16221883437,25,0.705,0.56,0.7943262411347519,ElcommandantexX,2021.05.31,,369
https://www.chess.com/game/live/10958762047,60,0.8183050847457628,0.65,0.7943247721623861,TheHalfrican43,2021.03.31,,370
https://www.chess.com/game/live/44213142313,10,0.691,0.5454545454545454,0.7893698197605579,vlado1310,2022.04.20,,371
https://www.chess.com/game/live/45455967713,24,0.7943478260869565,0.625,0.7868089764641489,GlennJamin5000,2022.05.05,,372
https://www.chess.com/game/live/37818063783,38,0.6194736842105263,0.4871794871794872,0.7864409733568611,Philip_Licuanan,2022.02.05,,373
https://www.chess.com/game/live/12000180199,26,0.8384,0.6538461538461539,0.7798737522019964,Bryzenn,2021.04.12,,374
https://www.chess.com/game/live/35848217567,28,0.6635714285714286,0.5172413793103449,0.7794810883040719,vanya114,2022.01.13,,375
https://www.chess.com/game/live/39229160565,22,0.7614285714285713,0.5909090909090909,0.7760532150776055,Rugaki,2022.02.22,,376
https://www.chess.com/game/live/8708117791,8,0.5775,0.4444444444444444,0.7696007696007695,OlivrMk,2021.03.05,,377
https://www.chess.com/game/live/16332858817,16,0.8153333333333334,0.625,0.7665576451349142,pbueno24,2021.06.02,,378
https://www.chess.com/game/live/36202755623,15,0.7007142857142857,0.5333333333333333,0.7611281005776418,yoash561,2022.01.17,,379
https://www.chess.com/game/live/44229899511,26,0.7587999999999999,0.5769230769230769,0.7603098009002068,PSladkoff,2022.04.20,,380
https://www.chess.com/game/live/44853585961,56,0.8610714285714286,0.6491228070175439,0.7538547738071848,Gman007Chessmaster,2022.04.28,,381
https://www.chess.com/game/live/17710929357,29,0.6231034482758621,0.4666666666666667,0.7489393100903893,Eduard10R,2021.06.17,,382
https://www.chess.com/game/live/44385028317,22,0.9142857142857144,0.6818181818181818,0.7457386363636364,Alehan145,2022.04.22,,383
https://www.chess.com/game/live/15112125153,29,0.7882142857142856,0.5862068965517241,0.7437151383528897,wayne_relate,2021.05.18,,384
https://www.chess.com/game/live/44743197207,26,0.8815999999999999,0.6538461538461539,0.741658522965238,vavowell,2022.04.26,,385
https://www.chess.com/game/live/8987171807,25,0.8116666666666668,0.6,0.7392197125256672,ElJurista,2021.03.09,,386
https://www.chess.com/game/live/36109703451,30,0.7244827586206897,0.5333333333333333,0.7361573853720451,IsraelMartinezvz,2022.01.16,,387
https://www.chess.com/game/live/16848914483,18,0.9070588235294116,0.6666666666666666,0.7349762213575444,Emiya_kisuke,2021.06.07,,388
https://www.chess.com/game/live/16062351707,22,0.8304545454545454,0.6086956521739131,0.7329668499083792,Chesstickle666,2021.05.29,,389
https://www.chess.com/game/live/35662135895,15,1.0071428571428571,0.7333333333333333,0.7281323877068557,shalomprince2008anjelo,2022.01.11,,390
https://www.chess.com/game/live/37137746333,22,0.938095238095238,0.6818181818181818,0.7268112598061837,Meliala76,2022.01.28,,391
https://www.chess.com/game/live/9576974915,26,0.9132,0.6538461538461539,0.7159944742073521,POWER20000,2021.03.15,,392
https://www.chess.com/game/live/47951464265,27,0.9503846153846154,0.6785714285714286,0.7139966468173672,mabrooktabon,2022.06.02,,393
https://www.chess.com/game/live/9056195257,13,1.1007692307692307,0.7857142857142857,0.7137865628431665,BlunderRulz,2021.03.09,,394
https://www.chess.com/game/live/11475286325,21,1.0914285714285714,0.7727272727272727,0.7079961922893859,aliismail82,2021.04.06,,395
https://www.chess.com/game/live/47712020253,42,0.7245238095238095,0.5116279069767442,0.7061574792317864,joe_fu,2022.05.31,,396
https://www.chess.com/game/live/12783342447,75,1.1358108108108107,0.8,0.7043426531826295,alejo31mx,2021.04.21,,397
https://www.chess.com/game/live/10185829727,52,1.018076923076923,0.7169811320754716,0.7042504508485932,rustyshakleford88,2021.03.22,,398
https://www.chess.com/game/live/23860680725,27,0.845,0.5925925925925926,0.7012930089853167,Asura2298,2021.08.28,,399
https://www.chess.com/game/live/44213213085,52,0.9186538461538462,0.6415094339622641,0.698314644463842,khaiij,2022.04.20,,400
https://www.chess.com/game/live/16404991105,47,1.0161702127659575,0.7083333333333334,0.6970616973757677,miguelf0,2021.06.02,,401
https://www.chess.com/game/live/25747754413,44,0.9455813953488372,0.6590909090909091,0.6970218664758753,Asura2298,2021.09.18,,402
https://www.chess.com/game/live/9746284213,29,0.745,0.5172413793103449,0.6942837306179126,Nvanevu,2021.03.17,,403
https://www.chess.com/game/live/9235510021,27,0.8003846153846154,0.5555555555555556,0.6941107373591756,christiab22lol,2021.03.11,,404
https://www.chess.com/game/live/8628494169,24,0.8079166666666667,0.56,0.6931407942238268,BhumanPandita,2021.03.04,,405
https://www.chess.com/game/live/50017774931,22,0.9866666666666668,0.6818181818181818,0.691031941031941,efren8,2022.06.26,,406
https://www.chess.com/game/live/8548514721,20,1.035,0.7142857142857143,0.6901311249137336,CraftyWako,2021.03.03,,407
https://www.chess.com/game/live/35263048005,18,0.8444444444444444,0.5789473684210527,0.685595567867036,Nakcls,2022.01.07,,408
https://www.chess.com/game/live/35249276627,28,0.8560714285714286,0.5862068965517241,0.6847640009782342,Ildus60,2022.01.06,,409
https://www.chess.com/game/live/17790768243,24,0.8526086956521739,0.5833333333333334,0.6841747407785144,ChessRomanista27,2021.06.18,,410
https://www.chess.com/game/live/16059931919,34,0.8788235294117647,0.6,0.6827309236947791,Coolbluerock,2021.05.29,,411
https://www.chess.com/game/live/35762849783,16,1.1,0.75,0.6818181818181818,SendYourFather,2022.01.12,,412
https://www.chess.com/game/live/35682392689,40,0.8458974358974359,0.575,0.6797514398302515,arless7,2022.01.11,,413
https://www.chess.com/game/live/45454803265,31,0.8293548387096774,0.5625,0.6782380396732789,parand2021,2022.05.05,,414
https://www.chess.com/game/live/10781824785,17,0.89125,0.5882352941176471,0.6600115502021285,Lilolilorei,2021.03.29,,415
https://www.chess.com/game/live/47950219413,59,0.8684745762711864,0.5666666666666667,0.6524850377309394,bumbalam,2022.06.02,,416
https://www.chess.com/game/live/7943719795,24,0.9833333333333332,0.64,0.6508474576271186,HusseinAliElsayed,2021.02.24,,417
https://www.chess.com/game/live/43462141927,21,0.88,0.5714285714285714,0.6493506493506493,milosav1989,2022.04.12,,418
https://www.chess.com/game/live/19619479629,29,0.9642857142857144,0.6206896551724138,0.6436781609195402,nun04,2021.07.10,,419
https://www.chess.com/game/live/36362471043,26,0.8673076923076922,0.5555555555555556,0.6405518600640553,ZdenekStypast,2022.01.19,,420
https://www.chess.com/game/live/9053841617,26,0.755,0.4814814814814815,0.6377238165317636,pampoenkoekies,2021.03.09,,421
https://www.chess.com/game/live/43462221447,81,1.214875,0.7654320987654321,0.6300500864413475,mlnaumann,2022.04.12,,422
https://www.chess.com/game/live/14601418563,27,1.1403703703703705,0.7142857142857143,0.6263629193151765,micole563,2021.05.12,,423
https://www.chess.com/game/live/8459771205,33,0.9872727272727272,0.6176470588235294,0.625609359766006,4747polat,2021.03.02,,424
https://www.chess.com/game/live/26458198841,17,1.323125,0.8235294117647058,0.6224124037900468,Asura2298,2021.09.27,,425
https://www.chess.com/game/live/8990168077,14,1.0384615384615383,0.6428571428571429,0.6190476190476192,enteng_07,2021.03.09,,426
https://www.chess.com/game/live/36264562043,33,1.0325,0.6363636363636364,0.6163328197226502,nikk_chess,2022.01.18,,427
https://www.chess.com/game/live/36359964791,23,0.7777272727272727,0.4782608695652174,0.6149467639061825,Tetsumachine,2022.01.19,,428
https://www.chess.com/game/live/15465196655,30,0.9765517241379312,0.6,0.6144067796610169,tony10007,2021.05.22,,429
https://www.chess.com/game/live/25685352695,50,0.8157142857142857,0.5,0.6129597197898424,Asura2298,2021.09.18,,430
https://www.chess.com/game/live/37135901415,29,1.0832142857142857,0.6551724137931034,0.6048410018531782,haziri,2022.01.28,,431
https://www.chess.com/game/live/35852919843,26,0.956,0.5769230769230769,0.6034760218860636,urosuros,2022.01.13,,432
https://www.chess.com/game/live/36268146455,29,1.0885714285714283,0.6551724137931034,0.6018644221196489,flupyflupy,2022.01.18,,433
https://www.chess.com/game/live/44739596255,11,1.1145454545454545,0.6666666666666666,0.5981511691136487,leyseca,2022.04.26,,434
https://www.chess.com/game/live/18829795085,14,1.4346153846153846,0.8571428571428571,0.5974722328609728,Adrian_Vacarasu,2021.06.30,,435
https://www.chess.com/game/live/17100232445,46,1.2824444444444445,0.7659574468085106,0.5972636476586897,CalMurn,2021.06.10,,436
https://www.chess.com/game/live/16135010703,20,0.9210526315789472,0.55,0.5971428571428572,Max_kwax,2021.05.30,,437
https://www.chess.com/game/live/35261193949,29,0.93,0.5517241379310345,0.5932517612161661,Mohsun64,2022.01.07,,438
https://www.chess.com/game/live/35420282947,26,1.0107692307692309,0.5925925925925926,0.5862788206776031,chanosimao,2022.01.08,,439
https://www.chess.com/game/live/17625651267,36,0.8091428571428572,0.4722222222222222,0.5836079723791587,jperillo,2021.06.16,,440
https://www.chess.com/game/live/15108532819,25,1.034166666666667,0.6,0.5801772763900079,adambrenna,2021.05.18,,441
https://www.chess.com/game/live/8890061489,19,1.1210526315789473,0.65,0.57981220657277,Huengiat,2021.03.07,,442
https://www.chess.com/game/live/36202111055,15,1.1971428571428568,0.6875,0.5742840095465394,oangulo24,2022.01.17,,443
https://www.chess.com/game/live/10969593273,73,1.2177777777777776,0.6986301369863014,0.5736926307369263,HushedZookeeper,2021.03.31,,444
https://www.chess.com/game/live/15032296811,5,1.454,0.8333333333333334,0.5731315910132967,saro2310,2021.05.17,,445
https://www.chess.com/game/live/43887298131,34,0.9626470588235294,0.5428571428571428,0.5639212605298765,Euclid0101,2022.04.16,,446
https://www.chess.com/game/live/8545420129,35,1.0351428571428571,0.5833333333333334,0.5635293035237833,Rulo2000,2021.03.03,,447
https://www.chess.com/game/live/10783046577,10,1.0755555555555556,0.6,0.5578512396694215,romanrivera12,2021.03.29,,448
https://www.chess.com/game/live/17785357797,68,1.2851470588235292,0.7101449275362319,0.5525787283723971,dedapeda,2021.06.18,,449
https://www.chess.com/game/live/44149481681,12,0.7554545454545455,0.4166666666666667,0.551544324107501,valster75,2022.04.19,,450
https://www.chess.com/game/live/39225594155,19,0.9994736842105264,0.55,0.5502896261190101,Markjb,2022.02.21,,451
https://www.chess.com/game/live/11406285175,28,0.9166666666666669,0.5,0.5454545454545454,Mauricio1966,2021.04.06,,452
https://www.chess.com/game/live/43545556681,40,0.946153846153846,0.5121951219512195,0.5413444378346223,ckess,2022.04.12,,453
https://www.chess.com/game/live/39221452933,40,0.994,0.5365853658536586,0.5398243117240026,leodobbins,2022.02.21,,454
https://www.chess.com/game/live/35750892691,26,1.0315384615384615,0.5555555555555556,0.538569889800315,ylankgz,2022.01.12,,455
https://www.chess.com/game/live/44385679759,23,1.2172727272727273,0.6521739130434783,0.535766470760139,theShikhar,2022.04.22,,456
https://www.chess.com/game/live/47843485849,55,0.9507407407407408,0.509090909090909,0.5354676488295499,kieranguinan,2022.06.01,,457
https://www.chess.com/game/live/47843401779,13,1.2983333333333331,0.6923076923076923,0.5332280043448208,erolettin,2022.06.01,,458
https://www.chess.com/game/live/48040736841,54,0.9898148148148148,0.5272727272727272,0.5326983587039713,Rodrigo111111,2022.06.04,,459
https://www.chess.com/game/live/44932815487,52,1.126078431372549,0.5961538461538461,0.5294070373297258,maninhoarruda,2022.04.29,,460
https://www.chess.com/game/live/15022704921,52,1.2876923076923077,0.6792452830188679,0.5274903631568268,rabiuamy,2021.05.17,,461
https://www.chess.com/game/live/17530379551,28,1.1518518518518521,0.6071428571428571,0.5271015158474965,Ban-an,2021.06.15,,462
https://www.chess.com/game/live/41205599441,45,1.0955555555555556,0.5652173913043478,0.5159185113325689,Tool27,2022.03.16,,463
https://www.chess.com/game/live/8971115773,31,1.335483870967742,0.6875,0.5147946859903381,GoodGuyTomas,2021.03.08,,464
https://www.chess.com/game/live/9144394225,42,0.8133333333333332,0.4186046511627907,0.5146778497903165,jordigiroprat,2021.03.10,,465
https://www.chess.com/game/live/37125089661,24,1.0534782608695652,0.5416666666666666,0.5141697620030266,rangum,2022.01.28,,466
https://www.chess.com/game/live/10869561973,25,1.0668,0.5384615384615384,0.5047445992327882,RobertoPerez7,2021.03.30,,467
https://www.chess.com/game/live/8112349127,23,1.555,0.7826086956521741,0.5032853348245492,daniroman3,2021.02.26,,468
https://www.chess.com/game/live/50278728879,82,1.262716049382716,0.6341463414634146,0.5022081898566345,MichaelDuaneRoss,2022.06.29,,469
https://www.chess.com/game/live/48038941739,18,1.3294117647058823,0.6666666666666666,0.5014749262536873,rezahaqiqi,2022.06.03,,470
https://www.chess.com/game/live/15033410355,75,1.6452,0.7894736842105263,0.4798648700525932,saro2310,2021.05.17,,471
https://www.chess.com/game/live/25744171449,37,1.4313513513513514,0.6842105263157895,0.4780171728414692,Asura2298,2021.09.18,,472
https://www.chess.com/game/live/11045167315,15,0.702857142857143,0.3333333333333333,0.4742547425474254,kid0208,2021.04.01,,473
https://www.chess.com/game/live/37140696577,19,1.056,0.5,0.4734848484848485,peaceout72,2022.01.28,,474
https://www.chess.com/game/live/35659006711,27,1.3776923076923078,0.6428571428571429,0.466618808327351,Dohmyhead,2022.01.11,,475
https://www.chess.com/game/live/43531290095,23,0.986086956521739,0.4583333333333333,0.4648001175778954,eshwarpradeep94,2022.04.12,,476
https://www.chess.com/game/live/39227940973,40,1.0769230769230769,0.5,0.4642857142857143,SocratesMarron,2022.02.22,,477
https://www.chess.com/game/live/17794305223,46,1.2508888888888892,0.5652173913043478,0.4518525956421327,aravera,2021.06.18,,478
https://www.chess.com/game/live/44901001845,25,1.1545833333333333,0.52,0.4503789245759654,Gerolt1968,2022.04.28,,479
https://www.chess.com/game/live/17100785397,77,1.467922077922078,0.6538461538461539,0.4454229306038561,qrt0304,2021.06.10,,480
https://www.chess.com/game/live/9748094503,23,1.564090909090909,0.6956521739130435,0.4447645401362092,TheHarpoon73,2021.03.17,,481
https://www.chess.com/game/live/35760406455,38,1.373783783783784,0.6052631578947368,0.4405810907358895,moonguy27,2022.01.12,,482
https://www.chess.com/game/live/8379797029,46,1.2837777777777777,0.5652173913043478,0.4402766593161789,Jorge_Enrique_Mollo,2021.03.01,,483
https://www.chess.com/game/live/15021502187,72,1.5459154929577466,0.6805555555555556,0.4402281746031746,vickyandvs,2021.05.17,,484
https://www.chess.com/game/live/9743297769,21,1.4275,0.6190476190476191,0.43365857726628304,ringojuice,2021.03.17,,485
https://www.chess.com/game/live/16228488883,18,1.3041176470588234,0.5555555555555556,0.4260011025910891,door-to-door,2021.05.31,,486
https://www.chess.com/game/live/44917832095,21,1.5825,0.6666666666666666,0.421274354923644,Nambrose18,2022.04.28,,487
https://www.chess.com/game/live/35934053563,59,1.8106896551724136,0.7627118644067796,0.4212272722871188,Stanislav97,2022.01.14,,488
https://www.chess.com/game/live/10781937799,49,1.4833333333333334,0.6122448979591837,0.4127493694106856,CookieDose,2021.03.29,,489
https://www.chess.com/game/live/12529555151,28,1.4214285714285717,0.5862068965517241,0.4124068618956853,ricog1,2021.04.18,,490
https://www.chess.com/game/live/35315885997,56,1.6719642857142858,0.6842105263157895,0.4092255631067415,TabooDream,2022.01.07,,491
https://www.chess.com/game/live/37300232719,28,1.228148148148148,0.5,0.4071170084439084,nunobp2012,2022.01.30,,492
https://www.chess.com/game/live/44918351221,24,1.8833333333333333,0.76,0.4035398230088495,ingcano,2022.04.28,,493
https://www.chess.com/game/live/9148598187,33,1.771818181818182,0.7058823529411765,0.39839435004376295,scatcher07,2021.03.10,,494
https://www.chess.com/game/live/12077113473,23,1.482173913043478,0.5833333333333334,0.3935660506502397,fazilkerimoglu,2021.04.13,,495
https://www.chess.com/game/live/10188695037,19,1.4766666666666666,0.5789473684210527,0.3920636806463111,katubeltz,2021.03.22,,496
https://www.chess.com/game/live/45012633835,33,1.5245454545454546,0.5882352941176471,0.385843067101617,sessionmwamufiya,2022.04.29,,497
https://www.chess.com/game/live/14602069949,26,1.3507692307692307,0.5185185185185185,0.3838690626845525,Muhammad2385,2021.05.12,,498
https://www.chess.com/game/live/39497349573,47,1.724782608695652,0.6595744680851063,0.3824102033263788,AngelOviedo35,2022.02.25,,499
https://www.chess.com/game/live/8458428415,65,2.119692307692308,0.803030303030303,0.3788428632382762,Gabe_Taylor,2021.03.02,,500
https://www.chess.com/game/live/8888822935,23,1.8495454545454544,0.6956521739130435,0.3761206150426875,Superandrill,2021.03.07,,501
https://www.chess.com/game/live/8884576687,12,1.4363636363636365,0.5384615384615384,0.37487828627069136,Ivanetax,2021.03.07,,502
https://www.chess.com/game/live/6590272195,29,1.5451724137931035,0.5666666666666667,0.3667336160083314,Acciomuowl,2021.02.17,,503
https://www.chess.com/game/live/9485197369,27,1.5070370370370367,0.5357142857142857,0.3554751957307868,HeavenlyTent,2021.03.14,,504
https://www.chess.com/game/live/11401378835,66,2.038636363636364,0.7164179104477612,0.3514201567413767,jrmorg9,2021.04.05,,505
https://www.chess.com/game/live/16847113527,36,1.7791666666666666,0.6216216216216216,0.34938920184821826,0zariack,2021.06.07,,506
https://www.chess.com/game/live/16221965089,60,2.037,0.7049180327868853,0.3460569625856089,nevzatgojak,2021.05.31,,507
https://www.chess.com/game/live/44151932599,61,1.9575409836065572,0.6774193548387096,0.3460562820966526,Bees0208,2022.04.20,,508
https://www.chess.com/game/live/35336810335,29,2.032758620689655,0.7,0.3443596268023749,rednergy,2022.01.07,,509
https://www.chess.com/game/live/49860557551,27,1.3522222222222222,0.4642857142857143,0.3433501584693039,sariburako,2022.06.25,,510
https://www.chess.com/game/live/8630167653,56,1.7964285714285717,0.6140350877192983,0.3418087963447386,burakas1,2021.03.04,,511
https://www.chess.com/game/live/16845960739,51,2.138235294117647,0.7307692307692307,0.341762776425775,Tusharomega,2021.06.07,,512
https://www.chess.com/game/live/35402234247,42,1.4029268292682926,0.4761904761904762,0.33942645208291944,Pege76,2022.01.08,,513
https://www.chess.com/game/live/14837223883,59,1.6859322033898303,0.5666666666666667,0.3361147414630877,thamer33238,2021.05.15,,514
https://www.chess.com/game/live/15368562275,39,1.996578947368421,0.6666666666666666,0.3339044857431571,maravillas74,2021.05.21,,515
https://www.chess.com/game/live/35275586561,64,1.9496875,0.6461538461538462,0.3314140579728014,Patmon420,2022.01.07,,516
https://www.chess.com/game/live/44151280071,25,1.7483333333333335,0.5769230769230769,0.32998460071863306,Alex0738,2022.04.19,,517
https://www.chess.com/game/live/26458767751,33,2.0527272727272727,0.6764705882352942,0.32954723076121506,Asura2298,2021.09.27,,518
https://www.chess.com/game/live/10787244017,27,1.8153846153846156,0.5925925925925926,0.3264281230382925,rdm777,2021.03.29,,519
https://www.chess.com/game/live/49857605777,38,1.8035135135135136,0.5789473684210527,0.3210108291859576,Juancasta31,2022.06.25,,520
https://www.chess.com/game/live/49167562371,19,1.4904545454545453,0.4782608695652174,0.3208825596350956,tanyuanhan,2022.06.17,,521
https://www.chess.com/game/live/17351051091,52,1.8855769230769237,0.6037735849056604,0.3202062867424206,Kublis,2021.06.13,,522
https://www.chess.com/game/live/11666616817,50,2.123877551020408,0.68,0.3201691169405208,Jkuhn2,2021.04.09,,523
https://www.chess.com/game/live/16329878527,18,1.7464705882352942,0.5555555555555556,0.3181018674450807,nylad009,2021.06.01,,524
https://www.chess.com/game/live/37058466095,15,1.6458333333333337,0.52,0.31594936708860755,Kellendil,2022.01.27,,525
https://www.chess.com/game/live/8112903739,58,2.3705172413793103,0.7288135593220338,0.3074491704173246,daniroman3,2021.02.26,,526
https://www.chess.com/game/live/14840257625,48,2.0585416666666667,0.6326530612244898,0.3073307047745725,dolly354,2021.05.15,,527
https://www.chess.com/game/live/38621015939,53,1.7942307692307693,0.5471698113207547,0.3049606665453295,Lokasyoussef,2022.02.14,,528
https://www.chess.com/game/live/48388167625,23,2.0678260869565217,0.625,0.3022497897392767,arthurcloudy17,2022.06.08,,529
https://www.chess.com/game/live/14938665779,24,1.757083333333333,0.52,0.2959449845861987,Bliboo,2021.05.16,,530
https://www.chess.com/game/live/49852809647,19,0.8416666666666667,0.2307692307692307,0.2741812642802742,enzocoranson-beaudu,2022.06.24,,531
https://www.chess.com/game/live/36352339481,40,2.6717500000000003,0.7317073170731707,0.2738681826792068,Techristianjr,2022.01.19,,532
https://www.chess.com/game/live/35749701299,47,2.2065957446808517,0.6041666666666666,0.2738003406936007,vista_me,2022.01.12,,533
https://www.chess.com/game/live/9745642647,35,2.4365714285714284,0.6666666666666666,0.2736085053158224,Flekz22,2021.03.17,,534
https://www.chess.com/game/live/36364272807,26,1.4152,0.38461538461538464,0.2717745792929513,Conscripts12,2022.01.19,,535
https://www.chess.com/game/live/35856559311,51,1.5596078431372549,0.4230769230769231,0.2712713487166593,gracenic,2022.01.13,,536
https://www.chess.com/game/live/17626850157,26,2.7248,0.7307692307692307,0.2681918785853019,Xhevdi,2021.06.16,,537
https://www.chess.com/game/live/37132795009,23,1.4564705882352942,0.3888888888888889,0.26700771854245203,amgad15580,2022.01.28,,538
https://www.chess.com/game/live/23859475543,41,2.620487804878049,0.6904761904761905,0.2634914725383824,Asura2298,2021.08.28,,539
https://www.chess.com/game/live/16578912541,33,1.933030303030303,0.5,0.2586612321680514,achesssonces,2021.06.04,,540
https://www.chess.com/game/live/45354584403,21,2.340952380952381,0.5909090909090909,0.252422516458318,DumbestOne,2022.05.03,,541
https://www.chess.com/game/live/10780671897,59,2.642413793103448,0.6440677966101694,0.2437422171694495,BlunderEnjoyer,2021.03.29,,542
https://www.chess.com/game/live/43962312795,20,2.0689473684210524,0.5,0.2416687865683033,fero17,2022.04.17,,543
https://www.chess.com/game/live/49859941363,32,2.7081481481481484,0.6428571428571429,0.2373788683963738,alcatraz93,2022.06.25,,544
https://www.chess.com/game/live/10879592113,46,3.023333333333333,0.7173913043478259,0.23728488567182784,snshecht,2021.03.30,,545
https://www.chess.com/game/live/43460972211,45,2.6771111111111106,0.6304347826086957,0.23549070488413135,Rian2718,2022.04.12,,546
https://www.chess.com/game/live/8199944739,46,2.061304347826087,0.4680851063829787,0.22708199634694184,wehtam1062,2021.02.27,,547
https://www.chess.com/game/live/10787816895,41,2.9829268292682927,0.6666666666666666,0.22349414009266827,manelhyundai,2021.03.29,,548
https://www.chess.com/game/live/28200613439,34,2.940588235294117,0.6285714285714286,0.21375703712171004,Asura2298,2021.10.17,,549
https://www.chess.com/game/live/8379311403,8,3.14125,0.6666666666666666,0.21222973869213424,Alaelsonsilva10,2021.03.01,,550
https://www.chess.com/game/live/36107369871,35,3.556,0.75,0.2109111361079865,thodorsam,2022.01.16,,551
https://www.chess.com/game/live/44649046087,23,2.194782608695652,0.4583333333333333,0.2088285789751717,remzifaik08,2022.04.25,,552
https://www.chess.com/game/live/35660926415,57,3.4685964912280696,0.7241379310344828,0.20876972368097474,MappaDappa,2022.01.11,,553
https://www.chess.com/game/live/48322753829,42,3.637857142857143,0.7441860465116279,0.2045671441422107,saingh,2022.06.07,,554
https://www.chess.com/game/live/15697422597,89,3.5510227272727275,0.6853932584269663,0.19301291798640924,BShah1474,2021.05.25,,555
https://www.chess.com/game/live/8889386633,41,4.465121951219512,0.7142857142857143,0.15997003488127104,dilgam999,2021.03.07,,556
https://www.chess.com/game/live/41548769693,38,3.457297297297297,0.5526315789473685,0.15984496889503308,BerkayOlug,2022.03.20,,557
https://www.chess.com/game/live/41315410747,48,5.5468085106382965,0.75,0.13521288837744533,edoyleboy,2022.03.18,1,558
https://www.chess.com/game/live/40266010385,62,4.537903225806452,0.5714285714285714,0.1259234811749473,AxelRolon,2022.03.06,,559
https://www.chess.com/game/live/8797059471,53,4.214150943396227,0.5185185185185185,0.12304222736280045,ISARI74,2021.03.06,,560
https://www.chess.com/game/live/44902180789,51,6.762549019607843,0.6538461538461539,0.0966863459252336,Geri7498,2022.04.28,,561
https://www.chess.com/game/live/50120403791,27,4.336666666666667,0.4090909090909091,0.0943330305359513,spainyhook,2022.06.28,,562
